{"cameraMode":{"drawMode":0,"name":"Shaded","section":"Shading Mode"},"sceneLighting":true,"audioPlay":false,"sceneViewState":{"m_AlwaysRefresh":false,"showFog":false,"showSkybox":true,"showFlares":true,"showImageEffects":true,"showParticleSystems":true,"showVisualEffectGraphs":true,"m_FxEnabled":true},"in2DMode":false,"pivot":{"x":7.693942546844482,"y":8.17197036743164,"z":255.3568878173828},"rotation":{"x":0.014189887791872025,"y":-0.0019028761889785529,"z":-0.000026601199351716787,"w":-0.9999017119407654},"size":168.4250946044922,"orthographic":false}